i,export_value,import_value,balance_ratio,export_stability_index,import_stability_index,total_stability_index,top_five_export,top_five_import,top_five_trade,export_entropy,import_entropy,total_entropy,export_HHI,import_HHI,total_HHI,export_partner_count,import_partner_count,total_partner_count,average_export_distance,average_import_distance,farthest_import_distance,farthest_export_distance,total_trade_value,export_weight,import_weight,average_trade_distance,farthest_trade_distance
100,91464650.61088793,101244190.71347593,0.9034064074820413,0.05472994212226201,0.06591896047271627,0.12064890259497828,16253143.66307274,5682878.32538295,21936021.98845569,6.097845462868097,6.348691832990318,6.485653002727191,0.009727468108617783,0.013130885546832014,0.0077241226838605705,196,174.0,370.0,2026.222928797385,2466.6404341707344,17256.21181237496,17256.21181237496,192708841.32436386,0.47462612499930074,0.5253738750006993,2257.606780213523,17256.21181237496
104,53141779.499901846,75134918.87018049,0.7072847126077451,0.052967086738012745,0.05026307025712095,0.10323015699513369,22493917.99488373,9797.008784340904,22503715.003668077,4.3411053408398494,6.104051560382904,5.948190221272682,0.062216618487107654,0.016641600937819055,0.017050124821071305,179,189.0,368.0,2954.8029822633544,2461.7860005520165,18359.588772868497,18359.588772868497,128276698.37008233,0.41427461242092567,0.5857253875790743,2666.0304195674153,18359.588772868497
108,727587.050224347,2359765.945465246,0.30833017639844684,0.03451397527195927,0.07918515949822248,0.11369913477018176,566995.3744327929,5028.988841387515,572024.3632741804,2.4084829644679773,5.305136339358938,5.105021441523006,0.21449960940399523,0.03311177412029518,0.021061972469645467,106,140.0,246.0,4017.0283296448706,4568.9274387057985,14424.132667067224,14424.132667067224,3087352.9956895933,0.23566694551616463,0.7643330544838354,4438.863061440317,14424.132667067224
112,84746734.23274897,96302718.39965542,0.8800035517279043,0.08477504800498062,0.08517515285379011,0.16995020085877072,29039146.27241117,19028386.704826914,48067532.97723809,5.14946512511881,5.9199832076057755,5.907727646788543,0.04614794493375327,0.035507986184659224,0.02351950923682584,176,183.0,359.0,3013.5015042469417,3503.760257686273,17027.579754989052,17027.579754989052,181049452.6324044,0.46808611128372407,0.5319138887162759,3274.27694426605,17027.579754989052
116,56355532.953703575,62476359.80330938,0.9020297138169439,0.019568664769560307,0.07930866830474549,0.0988773330743058,12126154.639435276,183993.20439290663,12310147.843828183,4.694041939563195,5.479075531371305,5.710161442243802,0.018476093709600842,0.027701213195438855,0.012352101719112394,161,133.0,294.0,6777.334518459012,1844.6763963198146,19611.39680464817,19611.39680464817,118831892.75701296,0.4742458581295105,0.5257541418704894,4183.969080313218,19611.39680464817
12,107696295.29997143,138916922.21932226,0.7752568483337138,0.046336475049993074,0.03225100235098285,0.07858747740097592,96166575.74027514,5054168.79072485,101220744.53100002,1.8899988273555872,6.445749563324413,5.072568098909013,0.22474601439779768,0.005400003657298288,0.04755689437763432,152,168.0,320.0,4404.098445857997,5945.618091930383,18327.016527192332,18187.924096527953,246613217.5192937,0.4367012294932888,0.5632987705067112,5272.434567202513,18327.016527192332
120,12594574.023383403,16767075.03138702,0.7511491419825503,0.019272955262250265,0.033378821723278204,0.05265177698552847,7894590.493892746,467082.3790225179,8361672.872915262,2.9814959431552013,6.0476797631425105,5.273914031275358,0.12969751628719106,0.008929766629854544,0.027591858281387435,155,194.0,349.0,6287.140527744242,6915.696963964931,18970.479436136116,17127.730350567195,29361649.054770425,0.42894641237247355,0.5710535876275263,6646.079935674437,18970.479436136116
124,1189472143.9465864,1067702820.5274454,1.1140479551781899,0.043842154209978106,0.03407218125688866,0.07791433546686677,335051766.6681856,158368336.23142445,493420102.89961004,5.469100566461929,6.525011870699194,6.187782284391087,0.026298066873573934,0.007281060731648124,0.013740622411788776,213,212.0,425.0,7683.8068947644415,7713.707478597897,15074.67484896765,15074.67484896765,2257174964.474032,0.5269738335166045,0.47302616648339535,7697.950653310795,15074.67484896765
132,336496.8365944191,2550672.7061905605,0.1319247411781727,0.020927511418596948,0.02995671225930447,0.05088422367790142,196687.16970307435,46287.72041030533,242974.8901133797,3.1419429049180927,6.011980294123453,5.955523232432939,0.0871682061397766,0.012432446700031817,0.008770566886959786,95,126.0,221.0,3646.2430432256215,4641.13531501137,17530.499790934242,17530.499790934242,2887169.5427849796,0.11654903932999805,0.883450960670002,4525.181576497902,17530.499790934242
140,495461.9391936908,1109506.4032573039,0.4465606847685664,0.11780810364995238,0.25634911071678906,0.37415721436674143,272589.2652616734,80018.30311099635,352607.5683726698,3.269276430808976,5.63926071095876,5.359927332215942,0.09931664641143424,0.012842788034103613,0.01069864082394978,109,127.0,236.0,6255.365503761116,5581.5426707269335,15162.937987989564,15816.670203489599,1604968.3424509945,0.30870511653647714,0.691294883463523,5789.5552269236905,15816.670203489599
144,34471339.30654299,59612162.160610825,0.5782601747218654,0.022045210088493892,0.04458760308847929,0.06663281317697319,7086940.805994678,80749.57630535198,7167690.38230003,5.227675057795325,6.176847171932249,6.3147200794177465,0.015104134820434085,0.013334582549137535,0.007763277756739735,191,181.0,372.0,7154.392650312801,4830.237421607122,17639.290776885515,17639.290776885515,94083501.46715382,0.36639090562097687,0.6336090943790231,5681.786760656325,17639.290776885515
148,4256289.223124106,1945529.068,2.1877284144099494,0.09178120702476701,0.03954315242571367,0.13132435945048068,4202901.425403122,33927.281,4236828.706403122,0.6631165789226797,5.801661540394116,2.8551900089747573,0.7240910282676751,0.00842792866314912,0.34736771293945296,87,98.0,185.0,5665.908411632808,5091.4542046531005,16084.375504516205,16084.375504516205,6201818.291124106,0.6862969895805566,0.3137030104194434,5485.70039755516,16084.375504516205
152,210176260.06421328,191943353.71633404,1.094991079372433,0.0554662101570449,0.055127100043749544,0.11059331020079444,105750020.35756974,368957.57062872424,106118977.92819846,3.9008261644059514,6.249786922804083,5.573970327308002,0.09616043465228168,0.009823269268367922,0.02892889128993269,190,181.0,371.0,14615.885214693684,12574.14861500478,19564.495346650838,19564.495346650838,402119613.7805473,0.522670998532578,0.477329001467422,13641.30512230469,19564.495346650838
156,7300763247.444649,4322225928.173399,1.6891211539536526,0.06330871155015501,0.06299283800744755,0.12630154955760256,1321235900.998225,90434804.21859303,1411670705.2168179,6.412107988840766,5.671343693299906,6.480970216211653,0.010281347485075717,0.019287330537356158,0.007662492233720322,206,203.0,409.0,6348.305363204342,6025.742145379039,19564.495346650838,19564.495346650838,11622989175.618048,0.6281312954123468,0.37186870458765325,6228.354197244022,19564.495346650838
170,115823799.98513472,139447147.90481773,0.8305928211898062,0.06626043978666024,0.03502367151248086,0.10128411129914111,69051591.25186457,11049121.613772593,80100712.86563715,3.6543931952049724,6.424272540230256,5.61509616391026,0.11774234976992241,0.009052073978469338,0.03083969369137443,193,201.0,394.0,6700.518516759874,9821.421725725495,19335.336733120606,19335.336733120606,255270947.88995245,0.45372887491711933,0.5462711250828807,8405.377823996296,19335.336733120606
174,263495.95401751954,1122651.802,0.2347085298826426,0.02583595157844572,0.06464834279615958,0.0904842943746053,244333.26722165607,198.78300000000002,244532.05022165607,1.5243361911519602,5.336237696603761,5.0893120121835,0.3484603940604868,0.012875151250985511,0.013868845637466863,88,76.0,164.0,6215.768905594259,4478.41121606071,16209.592972268936,16209.592972268936,1386147.7560175194,0.19009225594720022,0.8099077440527999,4808.669458651359,16209.592972268936
178,25761911.754230116,11474094.3781463,2.2452239719499403,0.2484995797143144,0.09953516165609616,0.34803474137041057,22136154.89264967,2743636.4732360425,24879791.36588571,1.811294437465914,5.509058563467588,3.4282069653656126,0.33906358794296565,0.028672876418288896,0.14705301737651325,132,134.0,266.0,8141.163844947934,7379.3972668554115,14704.122814670567,14704.122814670567,37236006.13237642,0.6918548585110027,0.30814514148899724,7906.429174960024,14704.122814670567
180,23411141.02450814,16519604.937,1.4171731777963243,0.2351716435832218,0.09738296058441445,0.33255460416763627,19278725.596166212,10501.526000000002,19289227.12216621,2.059552668804183,6.226120288584097,4.441972605100238,0.21546924546645616,0.006115984711619379,0.07496150382127774,102,99.0,201.0,7325.615537194637,5710.8566138829765,15058.002305339678,14078.669595322202,39930745.96150814,0.5862936056109663,0.41370639438903367,6657.5794452238515,15058.002305339678
188,40892641.79152986,46487700.457085155,0.8796443228952496,0.02083199133161714,0.023284941767575156,0.0441169330991923,17847662.88634801,764444.4462692441,18612107.332617253,4.420172971187593,6.369775419870643,5.891050626595818,0.04506966051068128,0.011019074009225728,0.014142409226485155,183,187.0,370.0,6248.984682222314,8527.960196168264,18474.490250982035,18474.490250982035,87380342.24861501,0.46798445438885894,0.5320155456111411,7461.4350837086995,18474.490250982035
191,43534305.922931656,74246301.37563781,0.5863498264065234,0.048405283490804855,0.08906694186105556,0.1374722253518604,6235701.072899249,6124699.069899476,12360400.142798727,6.174968281602563,6.657208691632556,6.682713813755653,0.008105811648849489,0.005925878021755991,0.0054053883762200895,193,161.0,354.0,1364.7343864795612,1478.7736260306394,17979.216897589784,17979.216897589784,117780607.29856947,0.36962201946007806,0.630377980539922,1436.6222120100783,17979.216897589784
192,3840782.6031113197,18748070.516,0.20486282040775955,0.02336281823733052,0.05386585634514479,0.07722867458247532,2686927.150981728,19558.768,2706485.918981728,2.731808722729673,6.381653226255608,6.173652761456191,0.137884004022062,0.005881523404290631,0.006186670326609174,132,96.0,228.0,10232.686442186625,8504.81319125511,17440.685116091856,17440.685116091856,22588853.11911132,0.17002999589482576,0.8299700041051743,8798.603473017776,17440.685116091856
196,12491075.476248305,31010432.2361797,0.40280236602684427,0.06137208347900308,0.19901572302044648,0.2603878064994496,5097324.618476373,7090286.04993364,12187610.668410014,4.7891621062754135,5.576398888257384,5.52387136490658,0.044184829485327856,0.029825568701948413,0.031026010929507155,195,168.0,363.0,2609.3053721377296,3476.073948822157,16339.034138479014,16339.034138479014,43501507.712428,0.28714120804322635,0.7128587919567736,3227.1889726190825,16339.034138479014
20,437906.87283503154,4498536.775741017,0.09734429096956704,0.0037715867017563305,0.06607732119969516,0.06984890790145148,139257.84001244514,47757.749529830005,187015.58954227512,4.7246662185248605,5.8158910148971765,5.860142982141664,0.029439630617013594,0.00932192462489463,0.008480709427366107,136,145.0,281.0,2233.2835303308216,1358.0251990525435,19180.481169399583,19180.481169399583,4936443.648576049,0.08870897836772608,0.9112910216322739,1435.6684714280802,19180.481169399583
203,507591731.3846495,481961850.0891233,1.0531782365985747,0.05223633633033001,0.06354388592748363,0.11578022225781363,76193264.28564636,17188411.88938247,93381676.17502885,6.145161705686262,6.574017012098434,6.481940346714461,0.008027347272889878,0.004726175901730256,0.005156727946734678,210,217.0,427.0,1394.45634256995,2412.6094564361206,17979.657054300103,17979.657054300103,989553581.4737728,0.5129502241088122,0.48704977589118786,1890.3475885013836,17979.657054300103
204,4480597.348484344,15861662.817495141,0.282479674422427,0.027836822164782355,0.03534382576130569,0.06318064792608805,3257251.6625739243,428404.6037686536,3685656.266342578,2.867365614662134,4.975880773241438,4.954401348173364,0.15150080001167282,0.03782804356827285,0.027100094521084635,133,158.0,291.0,6487.693303139103,8538.06094572667,17795.30227681288,14675.258927180115,20342260.165979486,0.2202605468579013,0.7797394531420987,8086.445847510586,17795.30227681288
208,276580638.9664489,277525265.6444762,0.996596249801496,0.041430688689566744,0.050949995967297254,0.092380684656864,41835829.46394748,16897273.09728854,58733102.56123602,6.266738694711369,6.78257490398671,6.687257934508248,0.0074224318675090335,0.004148333568404951,0.004517911577924734,212,204.0,416.0,2794.310785254578,2198.633098900645,17951.11541095771,17951.11541095771,554105904.6109251,0.4991476117921081,0.5008523882078919,2495.9641934420592,17951.11541095771
212,161530.31044011613,713431.63,0.2264131609080973,0.01339624158567769,0.20841490689843373,0.22181114848411143,95886.78062380667,2008.1699999999998,97894.95062380665,3.394105008539196,5.493608860163977,5.511347558711285,0.11774801149841185,0.024285636098388748,0.01354813584144265,104,89.0,193.0,10753.465596803537,9419.519927150837,18538.13076988302,18538.13076988302,874961.9404401161,0.18461409916740434,0.8153859008325957,9665.78510529203,18538.13076988302
214,28025488.636319816,49658464.484218605,0.564364785085658,0.04099075192386985,0.064799377947997,0.10579012987186685,10581128.851278238,251802.01252672437,10832930.863804964,4.446757000588234,6.306257783899907,6.091745298798686,0.042503634841446966,0.012129954500974652,0.010950626138844123,166,187.0,353.0,6057.2750815691425,8237.64310738847,17977.321379059027,17977.321379059027,77683953.12053841,0.3607629054720481,0.639237094527952,7451.0472033955375,17977.321379059027
218,60806675.64984879,58887457.02289569,1.0325912974337965,0.0606784606129432,0.08356457857070673,0.14424303918364995,42715716.874173135,5872912.595637498,48588629.46981063,2.9281557601141976,6.140798816337751,5.076755337613555,0.1588199353199117,0.015673835485101897,0.047061448371562134,183,180.0,363.0,8532.89112882882,9168.792623151367,19727.55201207025,19727.55201207025,119694132.67274448,0.5080171792221446,0.4919828207778553,8845.74373974248,19727.55201207025
222,17795096.44599243,32073280.03904288,0.5548262112365937,0.01730310682158941,0.052357402481848225,0.06966050930343763,4226891.293519587,586174.9229298866,4813066.216449474,5.000294204093393,6.228629725748251,6.126995517144844,0.02163642154102932,0.012535934544137354,0.009994558027713936,156,165.0,321.0,2156.4114547444565,6425.487474494857,17830.69575605378,17830.69575605378,49868376.48503531,0.3568413030516935,0.6431586969483065,4902.104824780387,17830.69575605378
226,14698473.862242682,2758945.198,5.327570070220251,0.14501639819689757,0.024207188298038546,0.16922358649493613,14057394.189815722,577.027,14057971.216815723,1.2213059676457307,5.886716254198165,2.3725808596584455,0.4624483524790554,0.011303992714678827,0.024970255700473384,81,92.0,173.0,8540.15384932001,6470.341571069056,15171.601166919272,13480.408299348419,17457419.060242683,0.8419614498294774,0.15803855017052254,8213.043717740082,15171.601166919272
231,7612446.687589449,25951161.822,0.2933374135541024,0.010893707602637786,0.03393540889900651,0.0448291165016443,4996894.972963006,777017.3389999999,5773912.311963007,3.062473340885596,6.107268856407303,5.887344360802291,0.13648197890555522,0.008991126086018831,0.009818547960375543,133,117.0,250.0,5518.384044305606,5975.862684254563,14536.004561211828,14536.004561211828,33563608.50958945,0.22680656298962906,0.773193437010371,5872.10352628657,14536.004561211828
232,1273337.4093171526,1138386.419,1.118545854083272,0.07503336061173693,0.05047732916764942,0.12551068977938634,1245617.3332971148,0.0,1245617.3332971148,1.4171543088577288,5.318768167975372,3.9443975046522057,0.2936051709769213,0.021091034789528066,0.00032681276928081527,80,75.0,155.0,5382.711749145247,3725.2609795605626,14626.584778196624,14626.584778196624,2411723.8283171523,0.5279781185417317,0.47202188145826834,4600.35871846143,14626.584778196624
233,46424254.42876819,53948176.91746661,0.8605342586421595,0.03984185316801757,0.054819739782772554,0.09466159295079013,8776830.210657956,6144110.148023484,14920940.35868144,5.96338738700544,6.463995797232748,6.4129567687574145,0.012459857331109984,0.010863923306298167,0.009038407026203534,192,173.0,365.0,2171.8854449976902,2349.8327815040957,17007.504156087838,17007.504156087838,100372431.3462348,0.4625199749184881,0.5374800250815119,2267.5285838863415,17007.504156087838
24,112055300.38162184,41619735.24962322,2.6923597593676734,0.13723655198161683,0.03074707371812946,0.1679836256997463,107619643.29356806,5081923.211450502,112701566.50501856,0.8250652284229116,6.009412857681684,2.757354516254881,0.7246206544787401,0.019192120563381706,0.3851600362365882,155,185.0,340.0,9612.50051683021,7932.094018006945,16955.128419668174,16955.128419668174,153675035.63124505,0.729170485767819,0.2708295142321811,9157.396841041307,16955.128419668174
242,3014872.2829146334,7862692.384567376,0.3834401926790525,0.00797533561218029,0.06063332183469169,0.06860865744687197,1120150.5690669105,1367834.0639944724,2487984.633061383,4.587313530603277,5.995377893045773,5.977738163503993,0.03788145197279416,0.03145113060073516,0.022491333554453798,148,169.0,317.0,6053.245093791411,6239.140917265952,19604.35237494931,19552.483235041185,10877564.66748201,0.2771642711467815,0.7228357288532186,6187.6172368434,19604.35237494931
246,213117120.7639846,198671634.80055055,1.0727103593723184,0.0627019105921498,0.05620690564327014,0.11890881623541993,37913548.40151888,9754690.247686666,47668238.64920554,5.85630278609632,6.448444988215111,6.421854805135803,0.011336770827897288,0.009339791412103999,0.007361919407170366,209,192.0,401.0,3279.288565607343,2830.143620231321,16671.085417812916,16671.085417812916,411788755.56453514,0.5175399227980743,0.48246007720192574,3062.5940605863725,16671.085417812916
262,299143.1937279626,14418784.735,0.02074676883148312,0.004446732937212309,0.12748788491404298,0.1319346178512553,174856.95070492895,884.2669999999999,175741.21770492892,3.4911771180431583,5.788867977632004,5.827988951732142,0.07333543368084308,0.015731662332358013,0.009445747691840714,87,100.0,187.0,3223.1042166603906,5662.708036099954,14525.139436246907,14525.139436246907,14717927.928727962,0.020325088910380124,0.9796749110896199,5613.122871563743,14525.139436246907
266,14430912.13958767,6067316.247,2.3784671100213495,0.1584427533281978,0.009979846625035356,0.16842259995323314,13197868.76874044,110576.496,13308445.26474044,1.4454442524169462,6.2826524630538625,3.4409609006318322,0.43141740152757235,0.004877579673470067,0.01994024705690194,119,110.0,229.0,9978.888908738747,7442.882231073942,16316.625277345669,16316.625277345669,20498228.386587672,0.704007774107447,0.295992225892553,9228.250647338362,16316.625277345669
268,9574014.095226126,24812496.599614184,0.38585452523044356,0.058077552442123447,0.0748246234496265,0.13290217589174994,3307100.32877287,1394454.919666341,4701555.2484392105,4.500335892787876,6.0794072650742645,5.935481550494941,0.04041997076620646,0.013810707948070954,0.013622306778672122,154,144.0,298.0,2513.7125326278656,2811.7207753328867,15783.81777670462,15783.81777670462,34386510.69484031,0.2784235417251191,0.7215764582748808,2728.7482649356753,15783.81777670462
270,506862.7991644005,4109085.9063721225,0.12335171634605843,0.03567826431859249,0.25165967709322346,0.28733794141181596,376713.81662899634,275.6405544476621,376989.457183444,2.600809071791038,5.102576208503234,5.148970628408418,0.1730390164056475,0.029212578683861748,0.023248540137391718,108,134.0,242.0,10088.493008539788,7325.530559889227,19552.483235041185,16790.380392116753,4615948.705536523,0.10980685261005009,0.8901931473899499,7628.922770255303,19552.483235041185
276,4119642172.6408014,3236449894.454484,1.272889217194318,0.04397311975466029,0.041561310363227064,0.08553443011788736,598155237.2898644,253423946.17951876,851579183.4693831,6.61686627820485,6.748301791536219,6.761091155645689,0.006303905895541713,0.004199544254036623,0.004657599813964262,220,214.0,434.0,3212.0691064703365,3259.435514181481,18245.391353731007,18245.391353731007,7356092067.095285,0.5600313502149427,0.43996864978505734,3232.908840916177,18245.391353731007
28,581786.5013783369,2171167.291,0.26796023677676933,0.02793171348440366,0.08273557518421461,0.11066728866861827,462393.62780051323,1243207.751,1705601.3788005135,1.8998672540110009,3.623920549762112,3.47971381609848,0.4564354679226637,0.17068348582782814,0.1843883312215991,99,86.0,185.0,8034.321471076606,8773.010200497647,18337.20260657533,18337.20260657533,2752953.792378337,0.21133173502186495,0.788668264978135,8616.901829668,18337.20260657533
288,55093771.50729915,41296268.04999981,1.3341101777185747,0.08345007120439311,0.012938054495109737,0.09638812569950285,44493100.99979795,257656.9797093026,44750757.97950725,2.490589087689338,6.4885946664035945,4.792058417913861,0.17578692255595546,0.00442255073285026,0.05890269072214094,165,187.0,352.0,6930.402174591409,7892.66595364838,18504.797607051878,18043.281564191468,96390039.55729896,0.5715712096429706,0.42842879035702947,7342.663681457172,18504.797607051878
296,443742.9645770335,351225.04318085004,1.263414933509012,0.07812857829815567,0.12750365503427433,0.20563223333243,423393.1586650618,2181.617,425574.77566506184,1.1921583073765805,5.619089232253634,3.802691544025737,0.5039910661676715,0.01317640265699082,0.1600297766073236,62,53.0,115.0,15403.326352980344,15586.849677172559,18756.890408875377,18756.890408875377,794968.0077578835,0.5581897136069158,0.4418102863930841,15484.408845401516,18756.890408875377
300,94823565.63661824,165166760.47397104,0.5741080430742097,0.0599438446877114,0.09224643177535882,0.1521902764630702,33364523.32836483,17628916.09743461,50993439.42579944,5.027978664580738,5.834273927705979,5.809758545733545,0.0744506271484883,0.03286283076205946,0.0319697454124394,214,192.0,406.0,2476.324620758917,3218.0437574151997,17346.19560364073,17346.19560364073,259990326.11058927,0.3647195918985238,0.6352804081014762,2947.5242565905946,17346.19560364073
308,92547.59746531436,525163.941,0.1762261081541285,0.006100135919230256,0.07739821336433653,0.08349834928356678,61919.26063024879,15.396,61934.65663024879,2.9530932653552155,5.975974445957476,5.8962222528991495,0.12077621204110037,0.008657086674951622,0.005173282266772668,84,75.0,159.0,6238.258993015739,9393.474172859316,18904.56644258914,18904.56644258914,617711.5384653143,0.14982332642716384,0.8501766735728362,8920.74933902167,18904.56644258914
31,49223675.77506525,30522360.42354864,1.6127086860912683,0.1497264209447958,0.07535269743892527,0.22507911838372108,45081614.465571314,1365165.6342540297,46446780.099825345,1.1722391197192192,6.3810878137110825,3.7386518757521285,0.6354432178364776,0.0061305217382369446,0.2449804992088145,139,175.0,314.0,3159.912582362422,3472.6638538715806,15396.164074878257,15396.164074878257,79746036.19861388,0.6172554539572318,0.3827445460427683,3279.6164258004937,15396.164074878257
32,180094859.7844759,186467589.04556468,0.965823930615998,0.00981260138278497,0.047090809971370634,0.0569034113541556,67684319.19015907,5266571.906273264,72950891.09643233,4.5313656209138,6.266450770409818,5.873746092765783,0.04286612110966116,0.008247158377304224,0.01386405142810383,181,174.0,355.0,9802.608540425104,10297.347567947323,19017.498882213768,19017.498882213768,366562448.8300406,0.49130744395473586,0.5086925560452641,10054.27860091073,19017.498882213768
320,33145106.192025237,49854100.54258273,0.664842125949388,0.03973994641935481,0.06113589781232154,0.10087584423167635,9214303.180684522,10974.6943651841,9225277.875049708,5.048066590781134,6.1947984963831315,6.178646985885543,0.023109134912714713,0.01688123124428596,0.010308110587692935,173,146.0,319.0,4387.652957178027,6645.933321132571,17561.018695549872,17561.018695549872,82999206.73460796,0.3993424455008051,0.6006575544991949,5744.106117964515,17561.018695549872
324,14826613.545852061,11748366.604,1.2620148864612382,0.1686686410935544,0.04625518606260354,0.21492382715615793,13884378.462539194,55198.395000000004,13939576.857539192,1.3655903834193317,5.665077474343927,3.927916897977184,0.39340404400191265,0.017236204032851147,0.08371851082498726,107,109.0,216.0,8162.017889358942,8181.391591231216,16516.192549981402,19025.53711432821,26574980.14985206,0.5579162604166461,0.442083739583354,8170.58268793221,19025.53711432821
328,4093674.098289498,2776621.557,1.4743363523808795,0.014088559511763387,0.04092714981847218,0.05501570933023557,3210122.6095818174,5861.003999999999,3215983.6135818176,1.9831273326088428,6.412038853993071,4.424165176476855,0.3359294272323548,0.004321229209863399,0.006482199849382303,98,91.0,189.0,7842.123061430428,10628.390642635637,19510.27125915781,19510.27125915781,6870295.655289498,0.595851227324947,0.40414877267505306,8968.189684718802,19510.27125915781
332,3452535.313158793,9159242.135,0.3769455225957724,0.013010113938834143,0.0920150307598688,0.10502514469870294,2250595.336,328913.7,2579509.036,2.831780381251155,5.501114949739886,5.261378411412179,0.1268959908450963,0.017159528262069065,0.02130713860313575,118,100.0,218.0,5835.379316747833,7652.080791296175,17863.16849950068,17863.16849950068,12611777.448158793,0.2737548555190238,0.7262451444809762,7154.749941609996,17863.16849950068
340,25334780.434234828,29563652.70006487,0.8569570442213738,0.030395292612328022,0.024263337213009207,0.05465862982533723,9823420.334856289,565680.7422564159,10389101.077112706,4.300753730809073,6.0716593832031815,5.746695462901006,0.039943948094668856,0.016521503583709907,0.014292403793289863,148,149.0,297.0,4474.999377601494,5972.470996989123,17880.521218748698,17880.521218748698,54898433.134299695,0.4614845813952028,0.5385154186047972,5281.410933564827,17880.521218748698
348,329923222.22628057,299535654.32178783,1.101448917569752,0.043981639794195844,0.05340160992105128,0.09738324971524712,51671053.78250503,11954226.071910195,63625279.85441522,5.937728569345446,6.459530801108032,6.345415716822505,0.009093324457525198,0.004744390817787532,0.005419539438715616,200,173.0,373.0,1785.9777645160443,1963.7043538909747,17735.643496161516,17735.643496161516,629458876.5480684,0.5241378500142354,0.47586214998576465,1870.551121445636,17735.643496161516
352,17202515.153394748,22175549.229482505,0.7757424619059228,0.06614141562019622,0.05119779572876284,0.11733921134895905,7900381.7389027225,96061.43652479649,7996443.175427519,3.8317512200201986,5.61057017849891,5.366518893912135,0.07356749639174291,0.02665390613020765,0.021482939508335568,175,160.0,335.0,3040.3905133380977,4235.832327765233,17361.416108803336,17361.416108803336,39378064.38287725,0.4368552752144646,0.5631447247855355,3713.597264920788,17361.416108803336
36,711067971.391143,626356994.5556042,1.1352439225104216,0.07070485967528518,0.04637421767166933,0.11707907734695451,376005356.7019263,13677749.623239022,389683106.32516533,3.979621995157056,6.214578966662898,5.50381983157251,0.07921922780085928,0.01137171270747519,0.02610705854616737,209,212.0,421.0,7708.092204277771,8388.497575995949,18089.008550505812,18089.008550505812,1337424965.9467473,0.5316694315540808,0.46833056844591914,8026.746838788202,18089.008550505812
360,566519591.7616045,471326294.3438346,1.2019689937950417,0.05908086920873203,0.06978524114355406,0.1288661103522861,131825402.19044535,22740412.755976092,154565814.94642144,5.590248989865561,6.478137748002093,6.3914152882005,0.015577468811760127,0.011626457183097945,0.008409408158723047,212,210.0,422.0,5397.085254800177,5089.753467628052,19510.27125915781,19510.27125915781,1037845886.1054392,0.5458609985799466,0.45413900142005337,5257.513903869188,19510.27125915781
364,199329057.93312207,174522049.78194365,1.142142544063478,0.08163202744711238,0.06551506104490203,0.1471470884920144,130998317.1841787,1619530.2337012882,132617847.41787997,2.9106618390380583,6.527744227877007,5.191281316083529,0.3185214786888473,0.006041025564591164,0.09204923339905602,160,138.0,298.0,3944.493457549527,4286.267992810738,15108.83513803309,15108.83513803309,373851107.7150657,0.5331776576814176,0.46682234231858244,4104.041446645011,15108.83513803309
368,195848693.9835162,131491896.764,1.489435461829431,0.19686476632397606,0.034233584601596895,0.23109835092557296,194956543.1984931,6574064.005999999,201530607.20449314,0.32194731173488805,6.016748706937665,3.2470562533649834,0.8783143825207043,0.011931794782666934,0.31694179183894006,96,118.0,214.0,4924.656488779357,2915.2397108751416,15370.450717278567,14227.925725483732,327340590.74751616,0.5983025005737156,0.4016974994262845,4117.478793790012,15370.450717278567
372,507082972.8008362,259157144.43145376,1.9566621399278383,0.05013936815022712,0.047120045742616065,0.09725941389284318,196604047.45485082,18533616.560524773,215137664.01537555,4.3832755581390055,5.817575337655369,5.127701060213371,0.04479587587001789,0.027009677507762404,0.028602647354176093,208,215.0,423.0,3758.0987309301768,2613.545813486002,18752.843874944185,18752.843874944185,766240117.23229,0.6617807674080723,0.3382192325919276,3370.988921531356,18752.843874944185
376,170760305.1087653,208617186.29279456,0.8185342163953019,0.01712925119952283,0.04943503534281865,0.06656428654234148,57192365.31196274,28399706.379952084,85592071.69191484,5.162034190437133,6.119629053021805,5.97846926727148,0.039546669052143275,0.012379888769917205,0.017716662955065205,189,179.0,368.0,5487.712167900764,4728.315263182877,16620.278297758203,16781.414606563238,379377491.4015598,0.4501065798023863,0.5498934201976138,5070.124806677964,16781.414606563238
384,39772011.79019347,30962063.213619925,1.2845401004380783,0.03033530646254669,0.04923977303576483,0.07957507949831152,21528602.308297686,1333724.792369683,22862327.100667372,3.3041798451314444,5.80221328007854,4.895867490619259,0.10631727290200323,0.01735900153682919,0.04093464282738539,174,184.0,358.0,5478.988955157531,6501.399086368188,18868.252383308172,18813.50248517031,70734075.00381339,0.5622751380865487,0.43772486191345134,5926.52328866063,18868.252383308172
388,3714245.788444027,14763487.505309202,0.2515832242963135,0.012363522348412693,0.11471492286918218,0.12707844521759487,2423202.6333221104,5137.376904152836,2428340.010226263,2.9851977187949186,5.765108313979337,5.605292781644663,0.2308898932627401,0.027446420913522684,0.026529476673244803,153,136.0,289.0,7948.45073896702,8018.087346649629,17841.67762797689,17841.67762797689,18477733.29375323,0.2010119817943093,0.7989880182056907,8004.089554133914,17841.67762797689
392,2135891594.9905424,1868467359.493081,1.1431249168677018,0.03485440807875152,0.040592869075037084,0.0754472771537886,354959802.1402308,35637977.692058824,390597779.8322895,6.07914676138264,6.141687967346155,6.428035496933293,0.010901543256085272,0.014842938839351632,0.007335772163261047,209,208.0,417.0,5410.455069368022,5610.417365367227,18639.418002662285,18639.418002662285,4004358954.4836235,0.5333916412760688,0.4666083587239313,5503.759148110881,18639.418002662285
398,134135401.25928931,96167392.11281933,1.3948116748546908,0.14479282882671307,0.05060262219264059,0.19539545101935366,85712915.62516724,2118163.3124405975,87831078.93760781,2.979549153067136,6.682290508580476,5.053255685849466,0.23405969648704625,0.0043120837291713374,0.08131598868809005,143,170.0,313.0,3520.394138469668,3085.663615786305,16504.943744721248,16504.943744721248,230302793.37210864,0.5824306309761594,0.41756936902384056,3338.8639884173717,16504.943744721248
4,3320852.1911077294,28897867.43589465,0.11491686016189655,0.013197645609536854,0.11946553323603684,0.1326631788455737,1462855.476546496,122247.92797315611,1585103.404519652,3.6485304357342123,5.50927810340002,5.602118815264164,0.050887688875549196,0.015150588215067052,0.009917562859686051,128,111.0,239.0,1300.2893862115684,1857.1908128118673,15590.562501497276,16178.854507979784,32218719.62700238,0.10307213413671897,0.896927865863281,1799.7897942683912,16178.854507979784
40,470184406.53283715,490273718.2943032,0.9590242939569387,0.046403599722858305,0.04869939579379128,0.09510299551664958,39219792.51572485,16812267.679993384,56032060.19571824,6.630196693232453,6.847437089529338,6.883205339619196,0.003523069766659123,0.003761542790197537,0.0029721054163498154,211,207.0,418.0,2162.3884112183528,1703.9874921120665,18121.667967445203,18121.667967445203,960458124.8271403,0.48954180758006416,0.5104581924199358,1928.3939066477205,18121.667967445203
400,25854768.30036671,64212991.747684985,0.4026407678053535,0.005932058951947904,0.03361864672945119,0.039550705681399095,5849445.244852589,1012714.0380788429,6862159.282931432,5.107954069086314,6.180805311240531,6.242838240509811,0.016340333554145096,0.010678894617513689,0.00747331431285207,163,157.0,320.0,2719.0197138055337,4142.263673140457,15852.383559914035,15852.383559914035,90067760.0480517,0.28705907959266486,0.7129409204073351,3733.7085721379535,15852.383559914035
404,17598764.028038725,52628759.91240076,0.3343944272548208,0.043329526729693056,0.06358731558115349,0.10691684231084655,7261134.795122193,7153098.290188758,14414233.08531095,4.5390619404118855,6.1326191772054734,6.0947433596857,0.06280298479496928,0.02029365526801299,0.017893366579602298,180,171.0,351.0,4219.987383096137,6346.288078170316,14945.473144408026,15586.65614849187,70227523.94043949,0.25059639071091805,0.7494036092890819,5813.44479841861,15586.65614849187
408,4687625.66458917,8779398.244,0.5339347338290273,0.26165033906396656,0.1254831628840884,0.38713350194805496,2192309.0802803445,44778.968,2237088.0482803443,3.9025488944562245,6.011977424027195,5.796263736990079,0.11105442752903162,0.006800327681614852,0.016039953709236714,112,96.0,208.0,2742.863165993047,2224.544827852279,19149.058900203854,19149.058900203854,13467023.908589171,0.3480817808305394,0.6519182191694606,2404.9619980294433,19149.058900203854
410,1734262889.2120566,1389169025.6560576,1.2484174763348346,0.058317834868620994,0.05712998265551398,0.11544781752413497,444338152.1505014,150725192.21901247,595063344.3695139,5.4860199178710705,5.897756785160391,5.922422170266645,0.02061460830203922,0.022110427450491067,0.01432708303391079,213,215.0,428.0,4933.400618954707,5019.940809033533,19484.750780629536,19484.750780629536,3123431914.8681145,0.5552427382702482,0.4447572617297517,4971.889996923737,19484.750780629536
414,155825267.4881133,102838747.18394472,1.5152388740149967,0.15017869609205003,0.02839894433858949,0.17857764043063953,136310536.57115442,404924.59027835215,136715461.16143277,1.6037473192339005,6.409164403088611,4.090196878526429,0.479490817853416,0.0074069988677231,0.1757015134732374,156,195.0,351.0,5582.227850103553,4423.354699061414,15628.319164006996,14848.813012749257,258664014.67205805,0.6024234475973522,0.39757655240264766,5121.487058040226,15628.319164006996
417,5564331.657310875,19295397.484438367,0.2883761094736959,0.08580864535220424,0.0817867615660997,0.16759540691830394,3067391.8042641794,2182827.0826263307,5250218.88689051,3.78032749921424,5.99684875492149,5.872914083462802,0.1092109571074464,0.017538251452060734,0.017417511584537148,114,127.0,241.0,3407.0963032664354,2652.118422128484,17084.24926427861,17084.24926427861,24859729.14174924,0.22382913448426028,0.7761708655157398,2821.1044678183525,17084.24926427861
418,13606283.436400197,18833608.4607794,0.7224469737031542,0.059692430371242215,0.01261754906238725,0.07230997943362946,6813838.2358896155,194638.3879780813,7008476.623867697,3.7448038584747874,5.780652889300413,5.476496548834841,0.06922632193421578,0.01873736180496404,0.01893715773484112,129,95.0,224.0,1770.4838846812254,1159.5670852778233,18955.978658686658,18955.978658686658,32439891.897179596,0.419430603515148,0.580569396484852,1415.8042871491348,18955.978658686658
422,11615147.362562181,62194431.66525307,0.1867554224963094,0.003908691270639367,0.029692558302588778,0.033601249573228145,3419199.9431951623,3081650.413873172,6500850.357068336,5.259338756275239,5.686737321246236,5.821624439963135,0.029875515654487993,0.03458913009367931,0.027039239438378368,178,190.0,368.0,2428.9109040199687,3740.997980776296,16619.968530499056,16064.974114982959,73809579.02781525,0.15736639492531174,0.8426336050746883,3534.519567679062,16619.968530499056
428,40134851.1009418,52569779.01281293,0.7634586230837999,0.06272682773685755,0.0772135881611694,0.13994041589802694,7059122.418904123,8817852.701763164,15876975.12066729,6.009939269944517,6.315422436680576,6.33659085887099,0.010183824651107957,0.01363265817564216,0.010354765449017665,196,154.0,350.0,1865.9498166249277,1908.425068160204,17118.09953895136,17118.09953895136,92704630.11375472,0.4329325412516471,0.567067458748353,1890.0361495727343,17118.09953895136
430,3534014.835736576,13811966.052,0.25586616868529327,0.02813695581779356,0.20772113329405595,0.23585808911184952,2734221.0888473988,3058365.969,5792587.057847398,2.4111515204376075,2.9798159866441054,3.175726049699381,0.16103371522125254,0.19206488441116004,0.14856548738077746,101,110.0,211.0,6568.470149210056,11174.915024518597,16080.536177699805,18768.110433353402,17345980.887736574,0.20373681134602697,0.796263188653973,10236.412633981989,18768.110433353402
434,54979694.37050545,31934633.271,1.721632244965618,0.32812500180378223,0.06659571314669951,0.3947207149504818,53234537.67554598,4915939.664999999,58150477.340545975,0.9274362940387265,5.457109495239098,3.194638539817594,0.6264061991298145,0.028858127219945934,0.252159227318974,89,106.0,195.0,4366.640020036365,4103.388907627347,17096.45863967616,13756.949876108076,86914327.64150545,0.6325734302091087,0.3674265697908914,4269.914566810284,17096.45863967616
44,3351636.0544235813,19626285.655,0.1707728152611351,0.005110782647093518,0.0972725932356492,0.10238337588274271,2005511.5658262363,5926123.909000001,7931635.474826236,2.8728509915473937,3.638596020950775,3.695478955307788,0.10169602461491063,0.12443272227909406,0.11149306200867203,118,93.0,211.0,7854.110831923997,9120.380077597692,17170.255649608156,17170.255649608156,22977921.709423583,0.1458633246647814,0.8541366753352185,8935.677835502962,17170.255649608156
440,78252395.80792288,91897305.27481009,0.8515200263371879,0.06439075219721431,0.07469531215934577,0.13908606435656007,18073653.856959105,3041607.8894608826,21115261.74641999,5.921973052889048,6.370773732905998,6.378465158547858,0.02341235947354922,0.015257605123076584,0.012029093115422178,196,166.0,362.0,2054.6815273724437,1886.8405166165549,17235.41486403377,17235.41486403377,170149701.08273298,0.4599032223387435,0.5400967776612565,1964.0311383037797,17235.41486403377
450,10069711.538763495,10961392.143662756,0.9186526133530604,0.07149715619499795,0.07981808016199214,0.1513152363569901,4949042.559424226,11662.595048454265,4960705.154472681,3.8089604939104245,5.861082924826049,5.491587921646493,0.07986916305177666,0.0229165173755387,0.021539377980861238,164,158.0,322.0,8210.492110978765,7124.462373184053,16801.92874294102,16801.92874294102,21031103.68242625,0.4788009079703136,0.5211990920296864,7644.454397722922,16801.92874294102
454,3322360.2042515,6158563.541828927,0.5394699886890911,0.04494194291694948,0.1572378587037467,0.20217980162069618,2429346.0124797514,133461.99286561811,2562808.005345369,2.406806223989332,5.917016271723123,5.230216314177302,0.2988350426169605,0.013209870277751804,0.044407104337307234,134,145.0,279.0,6221.387017697445,6365.814209590429,15833.636531669496,15330.098245408944,9480923.746080426,0.35042579111819344,0.6495742088818065,6315.20319661235,15833.636531669496
458,694123364.3601311,533042261.2524397,1.3021919926746788,0.073021209053183,0.05325696313999837,0.12627817219318138,175342166.44620693,83351913.52324383,258694079.96945077,5.482297176479933,6.259008503447724,6.009593308473913,0.018125461390193675,0.012699876726984008,0.014106385197966856,215,204.0,419.0,4752.4691384759235,4508.591253910174,19267.938139591715,19267.938139591715,1227165625.6125708,0.5656313621184116,0.4343686378815884,4646.536233947656,19267.938139591715
462,938878.3076323421,7944924.564867232,0.11817334450022329,0.023867447791936624,0.1525931423786408,0.1764605901705774,712642.9167933427,7639.108919162649,720282.0257125053,2.552844524927122,6.114265551747467,6.035251846517706,0.12998698944027057,0.01735984088524496,0.015618608778469933,85,122.0,207.0,3715.457908179876,4384.178250575389,17196.418044370275,17087.991360031294,8883802.872499574,0.10568427970623986,0.8943157202937602,4313.505022864409,17196.418044370275
466,10159592.4005165,12311503.144916596,0.8252113719120792,0.1396367944653142,0.06031132911723715,0.19994812358255137,8985486.602032317,29313.936053219142,9014800.538085537,1.3556163886557748,5.542925623585985,4.278710208582542,0.5962558777406082,0.026989511989775,0.00903464267144321,134,157.0,291.0,6059.393135036216,4332.3143517636145,18732.91569250416,18630.244462808332,22471095.545433097,0.45211825030850716,0.5478817496914928,5113.158189401769,18732.91569250416
470,15644130.076728044,34577428.732797965,0.45243763489819616,0.03190427354027997,0.04996343566429112,0.08186770920457109,8274128.861088116,11265256.084776096,19539384.94586421,3.953114854421955,4.424980783738553,4.519145322431803,0.07746292489189398,0.09694376568140087,0.07895055568272609,187,166.0,353.0,4606.250474409886,5002.325947877823,17931.42928461373,18033.53288676753,50221558.80952601,0.3115022800479198,0.6884977199520802,4878.947534821501,18033.53288676753
478,8849195.093846735,11379417.169005439,0.777649238306302,0.05264443042473723,0.13434325930742783,0.18698768973216506,5205094.444716496,276.61,5205371.054716497,2.8554633459554926,5.807226517412748,5.174656685844205,0.09340471523736683,0.012141731880467214,0.006357791399996834,131,150.0,281.0,6965.219514530024,7851.669338881241,19519.16004421686,17610.181462349774,20228612.262852173,0.43745932636700924,0.5625406736329908,7463.883595862404,19519.16004421686
48,35085277.72673929,53508446.533952944,0.6556960629473045,0.09882734000347795,0.10395179591068916,0.20277913591416713,17646027.596378762,784037.553092048,18430065.14947081,3.865929141027662,5.332357399455457,5.172250357087464,0.10506099167538101,0.05598398074894174,0.04031293819254369,167,201.0,368.0,2712.677104672172,3700.1078850830913,15368.806395807023,15368.806395807023,88593724.26069224,0.3960244139133241,0.6039755860866758,3309.0611889908805,15368.806395807023
480,7930723.131831235,16656569.175690958,0.47613185213468473,0.01703435291650399,0.07022372061955781,0.0872580735360618,2456370.1345243356,45906.1834147059,2502276.317939041,4.8110474929451135,6.120254528013014,6.050268498776483,0.029555809228211556,0.018869688071191704,0.014345367765157793,171,178.0,349.0,6629.851447771512,7774.038141965165,17952.3185732365,17952.3185732365,24587292.307522193,0.32255374169057743,0.6774462583094226,7404.97644256043,17952.3185732365
484,1259534813.5089455,1169558889.2561607,1.076931503902304,0.04428195682783797,0.04236040999610793,0.0866423668239459,291831653.2764023,43522803.630427256,335354456.90682954,5.444314347180603,6.373020839827694,6.157858228210813,0.015715779978289157,0.007824114400633518,0.008012002976696042,204,214.0,418.0,7877.032394193861,11046.277891600235,17952.3185732365,17952.3185732365,2429093702.765106,0.5185204720901385,0.4814795279098615,9402.959220115536,17952.3185732365
496,20588421.540647432,14160337.063536808,1.4539499623679926,0.08987008213169455,0.10986508832455799,0.19973517045625255,15820109.255525006,1216.983427885511,15821326.23895289,2.394947921468112,5.557282108537083,4.322718750022339,0.16899877228615917,0.03748246179503976,0.06519709023928812,114,154.0,268.0,1784.5746409455198,2566.0100128775202,18906.515237569278,18906.515237569278,34748758.60418424,0.592493728341947,0.407506271658053,2103.0144559032533,18906.515237569278
498,8668524.757111974,15021207.594068423,0.5770857437943273,0.06082442462377197,0.11543070016075181,0.17625512478452376,2123521.487442231,111973.79593990021,2235495.2833821313,4.999899897741396,6.32166269830858,6.255237012755143,0.019751260452808336,0.013042182022580062,0.008917443817346394,155,160.0,315.0,1660.8990240617495,2113.6831335682236,17051.026430464997,17051.026430464997,23689732.351180397,0.36591906690241877,0.6340809330975812,1948.000794709372,17051.026430464997
499,1496687.0902278537,8925425.746790532,0.1676880333429521,0.033255624726251584,0.1304612976728395,0.16371692239909108,599646.0854585492,258640.79567044036,858286.8811289895,4.231668086134072,6.334422567226075,6.279893122910984,0.0487164949397026,0.007371526553844616,0.007055447212326905,107,169.0,276.0,1662.3742055013258,1849.1377218176558,17739.499969166704,17739.499969166704,10422112.837018386,0.1436068783396548,0.8563931216603452,1822.3171962517306,17739.499969166704
50,123624398.95402691,145192541.456,0.8514514431272682,0.0374946805478351,0.06765227790944334,0.10514695845727844,56740390.338,52865.059,56793255.397,3.9082486909000322,6.312727320843525,5.855940399634716,0.05436773702364674,0.007905361875876997,0.013604865012841015,145,124.0,269.0,7130.685493052869,4040.1232830251197,17704.801799490964,17704.801799490964,268816940.4100269,0.45988321556469774,0.5401167844353023,5461.42097007542,17704.801799490964
504,90576712.54246318,134983064.26265857,0.6710227911718858,0.039111523293683885,0.055980561393004995,0.09509208468668888,20426042.54183996,2350326.0712963184,22776368.613136277,5.065334971463585,6.2752731131467065,6.247355064382344,0.018887544634592014,0.011970096743835333,0.008249698771182855,186,186.0,372.0,3737.877525371039,4641.447178243554,18602.570717562212,18602.570717562212,225559776.80512175,0.4015641167295501,0.5984358832704498,4278.606028684176,18602.570717562212
508,20215799.499165338,23724995.694470298,0.8520886477495604,0.1809915153479684,0.08425903505685425,0.26525055040482265,10964926.008181855,1043383.7052035645,12008309.71338542,3.3601587180799153,5.582833532752784,5.078841908183838,0.0701469936774355,0.025031085075130792,0.026555238065447632,150,177.0,327.0,7697.992012871429,7743.77960605673,15604.158243932594,15604.158243932594,43940795.193635635,0.46006904085553246,0.5399309591444675,7722.714151976885,15604.158243932594
51,7748676.585793508,12686075.84480148,0.6108016916018024,0.05965923734542024,0.11553946117417847,0.1751986985195987,4292950.773501302,332248.1167699781,4625198.89027128,3.536142233382397,6.037964033329434,5.566275156787251,0.10457847239889044,0.012903188803682958,0.009836782093429072,129,155.0,284.0,3096.5752860482366,3586.821665890524,15603.10733632765,15603.10733632765,20434752.43059499,0.37919111631576025,0.6208088836842398,3400.9245938483673,15603.10733632765
512,102441612.70502166,88150380.20967425,1.1621233222290628,0.10610646856173549,0.04422672041232961,0.1503331889740651,70619939.52595323,5662515.617577578,76282455.14353082,2.93852862544982,6.18211821143381,4.889419411965326,0.2331051380882997,0.008625544591699421,0.07244963727210478,173,160.0,333.0,4301.504637586837,3357.886863255173,14675.56198404502,14850.538299402162,190591992.91469592,0.5374916917463154,0.4625083082536846,3865.073577142592,14850.538299402162
52,607923.2455781178,2770649.537,0.21941542496073468,0.032011166485613446,0.052759038221829514,0.08477020470744295,362529.4232087159,383354.54500000004,745883.9682087158,3.4361317448133017,5.880296040165509,5.743933547728027,0.08838612617107183,0.017463487344576693,0.017319151710042762,107,84.0,191.0,7371.753819651839,8831.372826363837,18747.727245037542,18747.727245037542,3378572.7825781177,0.1799349265799224,0.8200650734200776,8568.736387556455,18747.727245037542
520,64356.62321270602,191374.614,0.3362861033005455,0.040216151529071785,0.522155377628099,0.5623715291571708,42181.13046735282,38.013000000000005,42219.14346735283,3.012780705661535,4.167041929685343,4.382088015256053,0.20637494444315227,0.15124141123318544,0.08339111848124733,76,41.0,117.0,6826.214356894554,5503.390509655634,18467.64262232566,18868.252383308172,255731.237212706,0.2516572629693142,0.7483427370306859,5836.288738442319,18868.252383308172
524,2511284.9498137017,28690878.48258271,0.08752903649632827,0.009716329717457704,0.08137208843274261,0.09108841815020031,665677.9514983173,113014.32197220245,778692.2734705199,4.764070900317009,5.742095389615757,5.879506751999869,0.02251307217406985,0.018340166898749722,0.012145833602087434,149,156.0,305.0,5416.909488798048,3866.12742705185,17489.801090898254,17489.801090898254,31202163.432396412,0.08048432139183972,0.9195156786081603,3990.9410689181314,17489.801090898254
528,1419239532.245157,1512294823.483048,0.9384674933796505,0.05371181721543933,0.06296524995388689,0.11667706716932622,254477557.44926497,313401987.21425223,567879544.6635172,6.301453520012432,6.333257595259003,6.402429016521745,0.011398248197505892,0.013772395276246378,0.011880443572078367,220,216.0,436.0,2422.325388221479,4006.014127936141,18475.73498708216,18475.73498708216,2931534355.7282047,0.4841285688745109,0.5158714311254892,3239.3051648354044,18475.73498708216
548,663090.1372617158,839182.729,0.790161801890129,0.1003299572654164,0.028630482228047788,0.1289604394934642,428146.7593998764,596.995,428743.7543998764,2.6853851813824328,5.714153210623436,5.0228725067148865,0.127813053062704,0.01823695304862932,0.019618864714023517,65,71.0,136.0,11143.615728984989,6009.133331727801,18813.50248517031,19519.16004421686,1502272.866261716,0.4413912759482648,0.5586087240517351,8275.449068387057,19519.16004421686
554,114247531.57481588,116550512.46812053,0.9802404910580331,0.04142562449305226,0.051635885245943945,0.09306150973899621,30823111.63291651,101345.05186941256,30924456.68478592,4.980324651970469,6.360699083507809,6.13917941913687,0.02415076604006622,0.00915291434524796,0.008968314073897763,212,209.0,421.0,10174.103174861004,10757.968659453642,19765.692130279742,19765.692130279742,230798044.0429364,0.4950108309997718,0.5049891690002282,10468.948920733355,19765.692130279742
558,15520347.393136565,22299786.308611836,0.6959863730686443,0.017200390111261323,0.022823241474753134,0.040023631586014456,6392398.249196332,588919.6123996539,6981317.861595986,4.010565738801616,6.106126267710203,5.791598845065658,0.04504620286564286,0.009205023492267617,0.01152057990997928,161,165.0,326.0,3641.4280294384553,5865.989578273899,18158.31906971219,18158.31906971219,37820133.7017484,0.4103726209835971,0.5896273790164028,4953.090424938967,18158.31906971219
562,2519851.8147051474,3919074.480508253,0.6429711472026822,0.17023999499962222,0.11352778350256786,0.2837677785021901,1905869.1110756663,56805.03359960961,1962674.144675276,2.6026059961490784,5.527798141970606,4.911008319426848,0.14049906001606244,0.013117410521175968,0.015614455004034841,134,138.0,272.0,6498.54856053546,4666.169416550841,16810.347122563082,19575.279893859635,6438926.2952134,0.3913465846904269,0.6086534153095732,5383.264736407189,19575.279893859635
566,146792496.48217905,117663276.31425594,1.2475642450251392,0.13165741131111616,0.07946002241417692,0.21111743372529307,133589768.98445186,22651477.104855213,156241246.0893071,1.2664034152808148,5.776615647069854,3.9045110775056915,0.5693921703968238,0.04061429794182786,0.18484117335018924,157,197.0,354.0,6105.010353216567,8070.501573748856,18943.478252142442,19551.779731678846,264455772.796435,0.555073897347564,0.44492610265243604,6979.508701765577,19551.779731678846
583,286252.69778210146,467885.02,0.6118013732991525,0.13425556522614168,0.1351303278299345,0.2693858930560762,277060.1457560643,665.63,277725.7757560643,1.0959682924466845,4.566190092367067,3.8929182184797098,0.5096370918341807,0.057924871227828446,0.023507783414929876,36,46.0,82.0,5667.868571080474,4890.34613252798,16872.754150194196,16872.754150194196,754137.7177821015,0.37957615834938324,0.6204238416506167,5185.47511278418,16872.754150194196
584,1546683.7423729284,27170854.926,0.05692436791500789,0.015225304009550302,0.3577646230680244,0.3729899270775747,1152783.5495575278,20917158.805999998,22069942.355557527,2.430659296261424,1.6945203691562694,1.7958243877851199,0.1615669177680361,0.3076975810279301,0.2873157177509103,85,77.0,162.0,10234.24920455281,6949.230693306652,18306.889026471614,18306.889026471614,28717538.66837293,0.05385850647696055,0.9461414935230394,7126.156884071539,18306.889026471614
585,80036.90622908228,533289.0014958993,0.1500816742977545,0.015837796908108482,0.028038418499956065,0.04387621540806455,68756.41456661896,36420.385604774114,105176.80017139309,2.1416450344782154,5.60595645486619,5.403689594277839,0.22281607386731817,0.03587487682724448,0.03387065668690718,55,93.0,148.0,4774.47294908684,4008.8526533876984,19106.083448074394,19106.083448074394,613325.9077249815,0.13049653572594758,0.8695034642740525,4108.763449657912,19106.083448074394
586,77747859.47171597,170089364.58116043,0.45710006421134897,0.02405405159758421,0.07958179137239103,0.10363584296997524,16908831.797013517,42528.40135500626,16951360.198368523,5.297992719634111,5.88841343457266,6.201861327535024,0.01558058988905885,0.020521907719357746,0.011663668508729543,198,207.0,405.0,4700.272842243432,3982.5106049211995,16312.72638109469,16312.72638109469,247837224.0528764,0.31370533530156214,0.6862946646984378,4207.67644824717,16312.72638109469
591,16513592.76242114,82196281.71368502,0.2009043769150419,0.07287934193166938,0.053961542090904806,0.12684088402257418,5614231.008361512,21205265.63840583,26819496.64676734,4.886850873283491,5.065054379423654,5.178090847587123,0.03246501689156263,0.049130176163639974,0.04275283269545705,162,129.0,291.0,5008.747419792928,9948.91588622222,18833.75400313019,18833.75400313019,98709874.47610617,0.1672942332270764,0.8327057667729235,9122.454190618348,18833.75400313019
598,26431624.183180727,12283471.766,2.151804040966827,0.0707043329072915,0.015095107894579244,0.08579944080187074,18414519.93275665,517122.338,18931642.27075665,2.4376076119611234,5.921877600742455,4.06629915620148,0.15853536311298544,0.015322472955438317,0.07615870833786093,94,88.0,182.0,5300.266202635645,4529.819710741233,17630.11803903205,17630.11803903205,38715095.94918073,0.6827213916214009,0.3172786083785991,5055.820011857212,17630.11803903205
600,20627528.496385496,35640804.74439051,0.5787615808431501,0.012523033757506042,0.09627112818833858,0.10879416194584463,13553722.57405719,27676.682454299254,13581399.25651149,3.099292813291091,5.890645262467793,5.443701304056151,0.12800978713554673,0.017891042523779956,0.024693122135525672,157,155.0,312.0,6981.281019687628,9403.066951094364,18733.195407877214,18733.195407877214,56268333.240776,0.36659213643522914,0.6334078635647709,8515.259272511188,18733.195407877214
604,131056743.23789118,117833644.49082269,1.112218363475114,0.07062564079740473,0.03608224309072203,0.10670788388812676,71687406.25787404,9292022.291323967,80979428.549198,3.6602677961658223,6.26166884988987,5.4237234759245565,0.10047994360809,0.011514566711740597,0.03282701725241745,191,186.0,377.0,11917.757789465846,10549.757904891645,19611.39680464817,19611.39680464817,248890387.72871387,0.5265641009034898,0.47343589909651024,11270.097534148537,19611.39680464817
608,247072940.39331594,316102473.51378816,0.7816229264100928,0.11327834611338597,0.04807078228813494,0.1613491284015209,84924790.90085426,21843252.60043124,106768043.5012855,4.818109457924247,6.242206029048174,5.964081148763993,0.03440105396991279,0.009890418308247953,0.01374142670097494,203,196.0,399.0,5038.1581308485165,3972.1654129332774,19561.93691357894,19561.93691357894,563175413.9071041,0.4387140032964412,0.5612859967035587,4439.831345694725,19561.93691357894
616,656997729.7983162,704305051.6772453,0.9328312046516343,0.057877891146602585,0.07945642984050602,0.1373343209871086,46167767.34765294,12411804.023583233,58579571.371236175,6.628128276171314,6.86079084623926,6.900768086393747,0.003361737644820226,0.003875616123871193,0.0027396213157912393,210,218.0,428.0,1621.8187851720859,2680.4869261940257,17628.227937677788,17628.227937677788,1361302781.4755616,0.4826242469630264,0.5173757530369735,2169.5480118495643,17628.227937677788
620,184059003.8857172,243257626.35652098,0.7566422752804401,0.04691066331724161,0.08910261747650708,0.1360132807937487,20834583.305416893,16576593.741996339,37411177.04741323,6.341865145037791,6.663137678904982,6.749180743922576,0.006090982929177161,0.007338396578120125,0.004842725344590011,205,187.0,392.0,2791.7170839773926,2602.2980177096188,19765.692130279742,19765.692130279742,427316630.24223816,0.43073213364379814,0.5692678663562019,2683.886896275953,19765.692130279742
624,810331.0676341952,1001585.61,0.8090482326659977,0.17808800403047065,0.05809085336398738,0.23617885739445804,735208.3491589313,403.393,735611.7421589314,0.9394096390795649,4.856371663964142,3.784975067133635,0.7078943781004718,0.037560355609547395,0.1497213090430827,63,92.0,155.0,8951.430368472968,4467.579132979469,16642.56029878687,16472.762368210006,1811916.6776341952,0.44722314090747145,0.5527768590925285,6472.861165878718,16642.56029878687
626,184177.85915332602,1595704.79,0.11542101039461442,0.057001268411474654,0.09754670632704127,0.15454797473851592,168277.26321969085,22612.125,190889.38821969082,1.4264798715920977,5.614212110404986,5.468492441464387,0.43204900363130044,0.010992403902491607,0.010563985477941643,65,55.0,120.0,4306.21231039227,3576.138519567297,17853.188369146777,17927.406412818746,1779882.6491533262,0.10347752939832171,0.8965224706016782,3651.6847517203323,17927.406412818746
634,193975695.96352753,99613052.63347176,1.9472919545721084,0.08566343664986738,0.01538360290821048,0.10104703955807785,166586050.622236,869179.5146091465,167455230.1368451,1.9507120954760753,6.1765059248476195,3.972760217651856,0.2557989793337926,0.013053442356352828,0.11370814305842822,149,159.0,308.0,6129.67629165341,4638.177507923394,14484.965368992313,14484.965368992313,293588748.5969993,0.6607054830626098,0.33929451693739016,5623.618932315028,14484.965368992313
64,606540.335708443,1762519.809,0.3441324929292996,0.07518061981936776,0.1943903134360543,0.2695709332554221,473425.8242607169,687.1669999999999,474112.991260717,2.091280371865739,5.247246498145519,4.973888028528014,0.3625210918443932,0.035520322088469114,0.0247238234625344,72,59.0,131.0,5535.714587927329,3300.384572594134,17433.711047171535,17961.865347263894,2369060.144708443,0.25602572271675655,0.7439742772832434,3872.6865552802738,17961.865347263894
642,219017199.82807213,252334914.60673922,0.8679623276446213,0.05433552370759771,0.08142384555223764,0.13575936925983534,30431830.11168679,10349074.824759053,40780904.93644584,5.9631906318117265,6.765841758996663,6.617622210172826,0.00788031388386341,0.004325422107090905,0.0043150393306108075,198,172.0,370.0,2078.521876143275,1955.8839899011416,17311.658160027062,17311.658160027062,471352114.43481135,0.4646572978476848,0.5353427021523153,2012.8685787361633,17311.658160027062
643,1073388011.0883877,661186613.9010888,1.6234267127025697,0.1223641114677669,0.04364595665534045,0.16601006812310737,602576984.3140081,5308623.280395481,607885607.5944034,3.938384801665605,6.8490084865798995,5.514369051964998,0.11897833928804345,0.0035709561327362067,0.04676101092380921,199,208.0,407.0,4611.230841109463,4595.9332132542995,17197.475016753044,17197.475016753044,1734574624.9894767,0.618819159247703,0.3811808407522969,4605.399678462116,17197.475016753044
646,2340605.333994238,5060040.763286104,0.46256649768058317,0.077838448036843,0.17149594416401004,0.24933439220085304,1857744.7744188146,1966.6386816058869,1859711.4131004207,2.376203244474047,5.886487727790863,5.3078769566984345,0.2553985574945069,0.008995362179982754,0.028929424915955668,127,139.0,266.0,4319.393601076192,3909.1266981536546,14956.95765477979,14354.41674225263,7400646.097280342,0.31627040439812215,0.683729595601878,4038.8819774521307,14956.95765477979
659,198233.8318095971,701549.389,0.28256575362735736,0.014855963595439184,0.003808848805685732,0.018664812401124917,108382.72600000002,23198.150999999998,131580.877,3.0732690596769903,5.257027819093024,5.172926255943678,0.09129397354053377,0.04417742343705374,0.03355595192711351,73,74.0,147.0,7997.888757804152,9013.78086645513,18341.813073481633,18006.06046513135,899783.220809597,0.2203128789523686,0.7796871210476314,8789.966751293241,18341.813073481633
662,299255.2914335699,4824262.563015748,0.06203130271717615,0.03001628093677583,0.23998941750787117,0.270005698444647,118463.69680997005,3499490.472072311,3617954.1688822815,4.361095539699304,2.7567566949355604,2.956833431324302,0.0451137173604372,0.347188919924806,0.31445979620790804,93,108.0,201.0,3743.3737614070756,3083.3413200162167,18702.051558750085,18702.051558750085,5123517.854449318,0.05840816796875089,0.9415918320312491,3121.8926057177987,18702.051558750085
670,596598.2008208521,557838.351,1.0694822250054514,0.13920533394756726,0.035790901961122876,0.17499623590869012,487840.6503144388,49442.492,537283.1423144387,2.2449132723450838,5.421627449306842,4.344327880714696,0.22154778854387522,0.019512307788686015,0.038547495395395544,74,72.0,146.0,9559.695497299788,9586.227548862247,18781.216158624804,18781.216158624804,1154436.551820852,0.5167873452030419,0.4832126547969581,9572.516120372493,18781.216158624804
674,468327.23727262305,867202.597,0.5400436286661894,0.04484038567591187,0.07415769565628232,0.1189980813321942,209874.91950481193,19382.002,229256.9215048119,4.252839579663055,4.879515766428853,5.134134190293101,0.06353892012496289,0.02374030794431628,0.015088764768755598,99,65.0,164.0,2827.4122055201715,1177.6500879893663,18295.139168475573,18295.139168475573,1335529.834272623,0.35066774642866044,0.6493322535713395,1756.1684518872685,18295.139168475573
678,50275.34693235106,366332.16,0.13723978515113458,0.03930952023745132,0.09222383426218231,0.13153335449963363,38525.55340109666,1132.6789999999999,39658.232401096655,2.3844034171563635,5.698207086060404,5.628552065012621,0.3088683209201234,0.011443372224317579,0.0007196913295387569,63,65.0,128.0,5717.796305796843,5081.421004394293,13756.29008272825,16871.76677614245,416607.50693235104,0.12067796690114563,0.8793220330988544,5158.217481953656,16871.76677614245
68,25544886.035182394,25518224.69919302,1.0010447958783832,0.055592153181257695,0.10737986207121462,0.16297201525247232,17896360.853455313,35436.0619991612,17931796.915454473,2.782583101843986,6.328322407118809,5.190261245436763,0.14014415414015807,0.006887286402580829,0.029012072518136447,141,154.0,295.0,7332.015665409982,7438.33078877724,19054.944460896146,19054.944460896146,51063110.73437542,0.5002610625910362,0.4997389374089637,7385.145472192038,19054.944460896146
682,637261776.2384511,395945063.77244115,1.609470188027651,0.1429497643104908,0.004698684204258663,0.14764844851474948,485560255.82220286,11248238.371504407,496808494.1937072,2.399521970338008,6.571777045211987,4.519968549409504,0.3731607312951239,0.005727404189172034,0.14405325197006513,184,200.0,384.0,5712.892800786923,5088.41735830306,16000.671157248582,15943.197574452484,1033206840.0108923,0.6167804466255111,0.38321955337448893,5473.581600624921,16000.671157248582
686,10904860.672198543,27720875.352349713,0.39338081981867185,0.04137617098114878,0.10954323845962455,0.1509194094407733,4446818.091771285,3683889.7604135037,8130707.852184789,4.291486115566869,5.776489507093513,5.738723718078675,0.044165690857398264,0.024601232569099556,0.021733718466327573,168,168.0,336.0,3680.6548101162152,7292.788507080912,18467.64262232566,19604.35237494931,38625736.024548255,0.28232111008235683,0.7176788899176433,6273.006911987952,19604.35237494931
688,51715550.243931055,64535604.77261287,0.8013491223356088,0.05507116216995447,0.09274324662464563,0.1478144087946001,6848435.678065114,925871.0062980315,7774306.684363145,5.995862413828649,6.640270590863089,6.6257964633984106,0.0075263232750776695,0.005996400797033206,0.004380249590612874,178,191.0,369.0,1441.9515908468904,2212.919483389786,17629.72645713089,17629.72645713089,116251155.01654392,0.4448605283669768,0.5551394716330232,1869.946299359179,17629.72645713089
690,2150910.878895098,2664602.7072709478,0.8072163527515265,0.12816204174652782,0.08463347081450871,0.21279551256103652,1724693.5080765877,311464.05206241115,2036157.5601389988,2.4754189748699473,5.984966494199753,4.887641107787424,0.18475459176932243,0.009946420249486013,0.04742601371234555,122,135.0,257.0,6922.656726596118,6507.224574811332,16680.24457100117,16680.24457100117,4815513.586166046,0.44666282015571734,0.5533371798442827,6692.7826713108825,16680.24457100117
694,2111797.973512109,3027003.526,0.6976529612116841,0.05682413391301089,0.04117302250860928,0.09799715642162017,1407244.146904513,2715.561,1409959.707904513,3.068770415431566,5.775436222734065,5.262352372223443,0.10586913135588844,0.010341976977240397,0.00649552548413028,117,113.0,230.0,8567.864401612884,8450.831793517698,16302.153542467946,18899.08211521921,5138801.499512109,0.41095145895645285,0.5890485410435471,8498.926514559893,18899.08211521921
70,20015374.06198032,31525123.00290555,0.6349023304408861,0.06517431691764562,0.07528399442302759,0.14045831134067321,2609718.744600764,450467.12098087266,3060185.8655816363,5.639264396041254,6.53428335128276,6.527761654199384,0.008315435401462611,0.006604693361924549,0.004186642795053471,166,183.0,349.0,990.6795868606835,1872.5236237763058,17869.59518019978,17869.59518019978,51540497.06488587,0.38834266648189997,0.6116573335181,1530.06595905933,17869.59518019978
702,685142063.4398263,895365266.5420917,0.7652095619990383,0.060614207622008615,0.06622710632554268,0.1268413139475513,203053370.25282916,157002684.11264083,360056054.36546993,5.103463556228023,5.2876332224307285,5.345632142525393,0.04132016237444764,0.03556675437634142,0.03491995913809308,215,217.0,432.0,4472.103744887476,5092.6639492503655,19727.55201207025,19727.55201207025,1580507329.9819179,0.43349502431454384,0.5665049756854562,4823.654188371437,19727.55201207025
703,236739949.85540438,231207989.58001322,1.0239263369983014,0.04657023655883997,0.05547402011669838,0.10204425667553835,57435582.33171845,9267520.825723324,66703103.15744177,5.542070363687305,6.345744726245253,6.1189033839521905,0.017228462615742977,0.007042388915867919,0.00901354167241416,199,215.0,414.0,1466.7545406462827,2406.1830275922193,17709.143504724678,17709.143504724678,467947939.4354176,0.5059108714978695,0.4940891285021305,1930.9159430514758,17709.143504724678
704,691754265.2500689,629260759.1438342,1.0993125746332295,0.09131023874687777,0.08623494776758481,0.17754518651446258,196835453.4237211,62660694.6456292,259496148.0693503,5.245383040154104,6.472644624299133,6.178781714323305,0.031786863341954616,0.007082774673441004,0.01344172485295542,166,161.0,327.0,5354.957777888234,3631.8265736207973,19179.241021272966,19179.241021272966,1321015024.3939033,0.5236535939986403,0.47634640600135963,4534.150421666645,19179.241021272966
705,97585365.13815837,99891196.66287932,0.9769165692097688,0.06121022836091874,0.0781115793276493,0.13932180768856803,17066556.12329928,12731143.832825294,29797699.956124566,6.077166466531626,6.6670066766106135,6.52018124506255,0.010162153638305148,0.006574609951716962,0.007126002330178823,203,204.0,407.0,1485.8521279161685,2353.433026844749,18095.358255795658,18095.358255795658,197476561.80103767,0.4941617589862535,0.5058382410137466,1924.707723767327,18095.358255795658
706,1525424.3380935825,8682309.122,0.17569339177619558,0.031152057477910042,0.1478375807355967,0.17898963821350672,1221058.3805934212,3302.142,1224360.5225934214,2.332910573309932,5.250890665769111,5.227185447371915,0.1620089638200764,0.018270107766297165,0.0035740045642773024,87,90.0,177.0,2568.5577888300068,4153.723671179802,15230.548068180045,15230.548068180045,10207733.460093582,0.1494381043604951,0.8505618956395049,3916.8394866245176,15230.548068180045
716,10620172.525843041,16441890.337208739,0.6459216250706351,0.08875266345300632,0.08059837595050837,0.1693510394035147,6868355.712797221,96133.74253335748,6964489.455330579,3.1236972375690777,5.243709224584678,5.011883800593034,0.11602553177005986,0.06579870251377959,0.03037922284700325,135,143.0,278.0,5890.336377362856,7672.382221684173,15079.566595902677,15079.566595902677,27062062.86305178,0.3924376563452195,0.6075623436547805,6973.040327038978,15079.566595902677
724,904089945.0406139,1014051756.8866124,0.89156193350169,0.04087334180895408,0.0559811130757804,0.09685445488473449,136081619.73012185,85866353.94082251,221947973.6709444,6.541264812294026,6.5581304307633745,6.704903323814746,0.0068964366856642196,0.008706801839745123,0.005992788274871236,217,218.0,435.0,3426.2439038621133,4224.820919938083,19568.98687580313,19568.98687580313,1918141701.9272263,0.47133636901394826,0.5286636309860517,3848.422528802842,19568.98687580313
728,4528880.193,1713057.866,2.6437403446125036,0.089681947472737,0.10987446862359661,0.19955641609633362,4487450.019999999,19.793,4487469.812999999,0.18064794197080308,5.293523344969755,2.1660597945143394,0.9518622150249132,0.016351725023333645,0.5013906587459661,49,61.0,110.0,7947.240905018639,2602.8126233949556,14602.674650868114,14602.674650868114,6241938.059,0.7255567341732891,0.27444326582671075,6480.498553433199,14602.674650868114
729,13322157.531948578,25930490.083664857,0.5137642014849919,0.0831161503314132,0.1826101821913794,0.2657263325227926,10366869.971899375,68896.3368936982,10435766.308793072,2.3962950152899083,6.145367382402923,5.480273029044252,0.20063478674483204,0.009257091381695868,0.025726300669349757,144,179.0,323.0,3516.419930469508,5225.794817325072,17628.115980661332,15357.965129684397,39252647.61561343,0.3393951323336838,0.6606048676663163,4645.641301392852,17628.115980661332
740,5426860.043179543,2903376.474,1.8691547898722634,0.1336982959579325,0.039976216452338884,0.17367451241027138,4680978.429081166,983.829,4681962.258081166,1.6331261891787334,6.29026603486683,3.860195831001273,0.4492329968920005,0.004985133829195763,0.18671113658520613,112,91.0,203.0,10931.59142446628,10330.517746765734,19228.929028769762,19228.929028769762,8330236.517179543,0.6514653013738165,0.3485346986261834,10722.096391356788,19228.929028769762
752,444923176.18744236,437145445.5284564,1.0177920889684293,0.04408238737709573,0.04739479998403067,0.0914771873611264,72170705.98142453,40419103.99464717,112589809.97607169,6.162490550701767,6.5369949091417565,6.536294920938166,0.008637341693354028,0.007447336652800355,0.0065206038417048185,216,206.0,422.0,3156.616869316246,2349.1952434750424,17159.98440947934,17159.98440947934,882068621.7158988,0.504408801349183,0.4955911986508171,2756.4658179490125,17159.98440947934
76,662442531.202372,458693069.8941046,1.4441956390474913,0.07228663855240106,0.043080178716572576,0.11536681726897363,221471684.8238717,10295231.691336034,231766916.5152077,4.907129146523658,6.3556593872235,5.897548229631942,0.03219715145055747,0.008241817598954778,0.014255239642504195,219,207.0,426.0,11000.202545325565,11014.981881924157,19561.93691357894,19561.93691357894,1121135601.0964766,0.5908674477507445,0.40913255224925543,11006.249253028698,19561.93691357894
760,2286977.57938783,16385778.546,0.13957088294386316,0.00948756031803506,0.1373821206233302,0.14686968094136524,687416.5672744609,39031.523,726448.090274461,4.714617785432274,6.1623572558335,6.2799228668777545,0.02953145290435374,0.008653878402029174,0.006285076548228358,116,104.0,220.0,1576.1380895734546,3331.0432201182134,15900.941892893745,15900.941892893745,18672756.12538783,0.12247670156621457,0.8775232984337855,3116.1082281674644,15900.941892893745
762,2961157.2579034674,10689065.614,0.27702676406299653,0.047177293075407266,0.01593674999221651,0.06311404306762378,1925510.0699738276,3183.741,1928693.8109738275,2.936588554049675,5.9505160626108475,5.786298748784594,0.09754157290791275,0.011132351239832198,0.005628672474175892,93,83.0,176.0,2233.7096013121277,2733.7526266818104,16143.84235085406,16746.899296594835,13650222.871903468,0.216931055682503,0.783068944317497,2625.2777653016924,16746.899296594835
764,770134820.5236093,617365732.9358412,1.24745313748025,0.04543234718068137,0.06215554879384084,0.1075878959745222,122572991.73542929,49663990.20263466,172236981.93806398,5.965271990718085,6.315683545797643,6.383906314990224,0.009594315155514068,0.010332809774530185,0.006676030470364439,218,216.0,434.0,4660.908980470049,4029.8867577775186,19183.803549590164,19183.803549590164,1387500553.4594505,0.5550519014954154,0.4449480985045846,4380.136842368871,19183.803549590164
768,7350188.95824477,26513089.27587872,0.2772286881307295,0.03684746863755552,0.15835857522672206,0.1952060438642776,5008232.623289233,14213694.23520763,19221926.85849686,2.9056014954396776,3.531772562423251,3.6145815850613676,0.1689789334240128,0.2359624501894643,0.2053094095317881,125,142.0,267.0,3931.593678554689,7685.116611114157,17872.238437832162,17899.763990751508,33863278.23412349,0.21705485533406216,0.7829451446659378,6870.396233994376,17899.763990751508
776,41571.798781449426,468977.248,0.08864353006193047,0.007067257104821296,0.21699598272844212,0.2240632398332634,24319.40506664967,5.688,24325.093066649668,3.2119439351517456,5.325923880747278,5.4128494883727125,0.0985213033260903,0.03282402588159581,0.022789728627206192,50,49.0,99.0,7150.211793955454,6171.034742245844,18878.623034787182,18808.197042869626,510549.04678144946,0.08142567113487345,0.9185743288651265,6250.764890841166,18878.623034787182
780,23493744.9112731,14251912.11,1.648462657497619,0.08319312147025956,0.011999877712857288,0.09519299918311686,19677828.204536367,2981856.644,22659684.84853637,2.1581476736950376,5.590431747950738,3.9813737144720003,0.1857344226765441,0.04076784061450284,0.08320649669854216,120,106.0,226.0,6168.522610515314,9358.17222419428,19083.911318835122,19083.911318835122,37745657.0212731,0.6224224656635926,0.3775775343364074,7372.862647045293,19083.911318835122
784,624749443.6634676,697377908.9878465,0.8958549383507292,0.07722161432808358,0.06289773612927224,0.14011935045735582,337136111.17661023,158372398.40488496,495508509.5814952,4.167067553559582,5.559697085657591,5.10366863805299,0.08608988808929383,0.025576570486172956,0.03814305479980577,213,202.0,415.0,4129.440415468596,5093.448679053593,15019.663376766694,15019.663376766694,1322127352.6513143,0.47253348356391905,0.5274665164360808,4637.922496077369,15019.663376766694
788,47182756.50229062,60521475.70630057,0.7796035366232598,0.009880872763385609,0.019856907017569342,0.029737779780954952,10126934.71909564,5948537.923917252,16075472.643012894,5.37151332039627,6.41521480422525,6.33370093606144,0.01577097674315997,0.009671474784710256,0.007940833214356515,177,172.0,349.0,2871.663067014788,4055.100304186765,18392.83007568506,18218.165277900804,107704232.2085912,0.4380770888456045,0.5619229111543955,3536.66356449498,18392.83007568506
792,502135351.4101114,612520817.3120676,0.819784956229958,0.03854409689878692,0.04301724457711068,0.08156134147589761,58860618.51218938,70988546.72026484,129849165.23245423,6.351815372670421,6.330027320025497,6.629852403436948,0.005757158816764356,0.008758166494105149,0.005756397390823357,209,209.0,418.0,2907.4414241068393,4252.931587480006,16344.504680351372,16451.57604380252,1114656168.722179,0.45048452204391426,0.5495154779560858,3646.8090943180573,16451.57604380252
795,23425653.497890078,12000877.17,1.9519951055286133,0.09986873284052526,0.1302162978411599,0.23008503068168518,21646677.303041175,162384.824,21809062.127041176,1.108415446484062,6.31807333825433,3.4762061851905957,0.6231089739149225,0.0046399240581317626,0.003300098022906474,102,85.0,187.0,3539.99910715734,3084.2679218375133,15166.455948026829,15775.038266569645,35426530.66789008,0.6612460508057211,0.3387539491942789,3385.618368359259,15775.038266569645
798,81588.95789508155,111269.30500000001,0.7332566505657742,0.25897379862439995,0.15221996346874003,0.41119376209313996,76647.10351531956,6092.83,82739.93351531957,1.60371561517155,4.2428803962839465,3.706273504978909,0.3060758206549378,0.07138668569276314,0.04054215755002012,48,41.0,89.0,8852.514285860236,5873.209467434474,16398.340698973265,18943.478252142442,192858.26289508154,0.4230513988372251,0.576948601162775,7133.608538431979,18943.478252142442
8,7314658.288744983,13600904.08037733,0.537806769720418,0.041350215328063857,0.01885419955608108,0.060204414884144936,2079567.4838931288,72171.73175070553,2151739.2156438343,4.871694780463077,6.453241843697883,6.303873939619454,0.023332572759705985,0.005855849156888923,0.0057481532571369886,129,112.0,241.0,2084.4818907913796,2418.2824627110126,17643.955938164345,17643.955938164345,20915562.36912231,0.3497232424189382,0.6502767575810618,2301.544644377983,17643.955938164345
800,10231871.452182977,17169824.131057266,0.5959217388648307,0.07402719693813135,0.10327330994187713,0.17730050688000848,5043713.087819712,359904.18589046784,5403617.273710181,3.982011330375657,5.545291610073857,5.432029702720599,0.07411277968258378,0.032273273762154886,0.024801215274407762,156,158.0,314.0,3001.0868037336804,5580.830657831569,14398.050075080142,14850.305370815826,27401695.58324024,0.37340285826841746,0.6265971417315827,4617.546929111035,14850.305370815826
804,136195426.44982535,153353317.90560022,0.8881152902975548,0.0681997511720221,0.09357239121635666,0.16177214238837875,36233798.59351574,484919.105173587,36718717.69868932,5.161799152025032,6.21628415931791,6.170785148579877,0.022212457831365467,0.015079313198041351,0.00975535700776003,197,190.0,387.0,2807.3374097256774,3057.225645939404,16838.79967514027,16838.79967514027,289548744.3554256,0.4703713247073983,0.5296286752926016,2939.6853852427575,16838.79967514027
807,19336774.585876632,24202891.207619745,0.7989448210959555,0.07952433952441874,0.07905046297738424,0.158574802501803,7660045.354628207,264931.5586520136,7924976.913280221,4.467678321806449,6.0001638566239155,5.782341123286073,0.04651937474900122,0.01639037379959749,0.012663725023420625,147,167.0,314.0,1289.212184697477,2084.5021236942025,17520.113836126213,17520.113836126213,43539665.79349638,0.444118580918575,0.555881419081425,1731.2990845681566,17520.113836126213
818,95892583.00342149,221598142.86682573,0.4327318891884858,0.03885553656186221,0.06730494422814744,0.10616048079000964,29578934.018157553,16503601.160943855,46082535.17910141,5.247070925054394,6.304542412627008,6.338010747891746,0.031284184153206766,0.007742263974073483,0.009467392234485363,178,178.0,356.0,3332.9644013483867,5145.364779401142,16134.98045299577,17321.662781223233,317490725.87024724,0.3020327058076369,0.697967294192363,4597.960589211084,17321.662781223233
826,1235778616.0802877,1929359313.0935202,0.6405124269459428,0.03384044870506437,0.016704807003251585,0.05054525570831596,233267081.50259584,234711353.32136935,467978434.8239652,6.09725744799032,6.392205637302167,6.385474165539309,0.01065993515020211,0.007955627886622824,0.007991523459759573,219,217.0,436.0,3965.0904248596867,3774.9396282941752,18583.662199071983,18583.662199071983,3165137929.173808,0.3904343645469066,0.6095656354530933,3849.1810337193183,18583.662199071983
834,19442346.075021155,27629982.815908965,0.703668409950169,0.0031606790755480483,0.04011478295379642,0.043275462029344465,8916945.787941864,25280.3988945967,8942226.18683646,4.147283961082335,5.878748494848627,5.699847921700818,0.09729133483528625,0.02944732177973939,0.02738511118752575,166,175.0,341.0,4762.661012206587,7053.170502025398,16296.852800456909,15059.723714301812,47072328.890930116,0.41303131867706044,0.5869686813229397,6107.118347003214,16296.852800456909
84,1220530.269461461,3264057.996249524,0.3739303256449113,0.02482689000672841,0.04369481074636944,0.06852170075309785,558890.4975049421,3164.517084511797,562055.0145894539,4.035638467523342,6.003014497410766,5.902149018617403,0.05774613127827163,0.01605146420347914,0.012588566383943326,134,125.0,259.0,8457.851084405807,6354.654120568144,17536.747169497343,17536.747169497343,4484588.265710985,0.27216105406902025,0.7278389459309798,6927.062423160965,17536.747169497343
854,14949422.455807494,10936414.746635143,1.3669399709266743,0.08559747500526503,0.04866962486681581,0.13426709987208085,13362595.75848362,1166.4334185014927,13363762.191902122,1.784688108798081,5.46255606885076,3.977781310350906,0.28226809506134515,0.03026230147253316,0.05393045413053683,133,167.0,300.0,6288.065318259229,5117.443017385109,18320.613241626357,18878.623034787182,25885837.20244264,0.5775135777488718,0.42248642225112815,5793.493290555538,18878.623034787182
858,26098861.63075692,29805528.165358227,0.8756382871648146,0.04222589663307981,0.04236230699286438,0.08458820362594419,10946105.2636451,207699.0258919564,11153804.289537057,4.1549668812132445,6.00484725676023,5.675622395349676,0.053979831230025685,0.025337230594221397,0.006800311039344692,174,157.0,331.0,10275.125567890147,8101.729356311622,19484.750780629536,19484.750780629536,55904389.796115145,0.4668481621200086,0.5331518378799914,9116.375383245646,19484.750780629536
860,27971174.816128504,40544134.85221057,0.6898944796352818,0.08486062291133668,0.19032588434994277,0.27518650726127947,16744915.75056561,249974.66114765976,16994890.411713272,3.375234057317445,6.266660217482932,5.679220548706569,0.1374421001132874,0.007010684724236035,0.02574088908705273,123,127.0,250.0,2644.0661754376197,3436.90192843337,16145.491337634221,16145.491337634221,68515309.66833907,0.40824707574888164,0.5917529242511184,3113.229050723692,16145.491337634221
862,86998920.78221291,34255425.751,2.539712144131596,0.059782128515984495,0.06643562700898183,0.12621775552496634,80786127.94909059,8253722.457999999,89039850.40709056,1.2345072838319822,5.242346269614937,2.84591811341796,0.5544094173620123,0.06133282157549812,0.2987170778956835,128,111.0,239.0,13227.34413767019,7999.09065225402,19349.778218434785,19349.778218434785,121254346.53321292,0.71749115202549,0.28250884797451,11750.31626858655,19349.778218434785
882,229236.56486032193,1300848.7379167126,0.17622076893232064,0.0250991835716906,0.032494922303852675,0.057594105875543276,106469.52880983584,175794.92917071847,282264.45798055426,3.940484112996053,5.777006595216186,5.760368735858667,0.06066278560006707,0.020888708634689942,0.02024496218852448,84,89.0,173.0,7198.733274686947,7366.722158804984,19575.279893859635,18970.479436136116,1530085.3027770347,0.14981946721811396,0.850180532781886,7341.554153687854,19575.279893859635
887,4527256.537809842,22293588.463,0.20307437473888937,0.06390304060070737,0.12972258398904468,0.19362562458975205,3434576.406411634,10305.943,3444882.3494116333,2.293349974763552,5.606046010288322,5.469705998574725,0.25790488901088143,0.01580810903384841,0.014939051874711371,90,94.0,184.0,3356.1384571597578,5009.995357418612,14522.662675393572,14522.662675393572,26820845.00080984,0.16879619332176687,0.8312038066782331,4730.830608355981,14522.662675393572
894,28480187.852480598,21865834.263895076,1.302497197626123,0.19355037256084018,0.17629792648883766,0.36984829904967786,22069941.967652816,37846.83624177681,22107788.80389459,2.2810118212987796,5.778701441098559,4.3904676076085245,0.28564134828383775,0.017730804311125732,0.09502628167346519,132,169.0,301.0,7061.572107456223,5625.805659636316,15254.728016897274,14680.116294470346,50346022.11637567,0.5656889393693938,0.4343110606306062,6438.002858685722,15254.728016897274
90,2412313.3529259274,1795072.4716991426,1.34385290341093,0.10474267090919764,0.060328796541668256,0.1650714674508659,1939782.7333000451,1895.1270081772752,1941677.8603082222,2.1702718941228873,5.645328812800975,4.300672076350079,0.22243030063198038,0.029288885964532364,0.006967994852214209,89,101.0,190.0,7670.821485990581,5493.532145250006,19132.15866281582,18356.9459739459,4207385.82462507,0.5733520655051629,0.42664793449483696,6741.885485965989,19132.15866281582
96,16499285.206446111,10757528.03631083,1.533743175082103,0.0920317372488101,0.10019046879175608,0.19222220604056617,15558889.80718329,138794.80124380297,15697684.608427096,1.3656154774210898,6.083506579462719,3.8203409513078017,0.40265471893021537,0.01045661172523345,0.1494690480291519,110,155.0,265.0,3302.6507482859392,3432.201414973085,18885.52332375434,18885.52332375434,27256813.24275694,0.60532700794839,0.39467299205161005,3353.7808975296357,18885.52332375434
